<?xml version="1.0" encoding="UTF-8"?>
<row>
    <node cost="0" wallim="25" baseim="11" base2im="0"/>
    <node cost="0" wallim="25" baseim="12" base2im="0"/>
    <node cost="0" wallim="25" baseim="13" base2im="0"/>
    <node cost="0" wallim="25" baseim="12" base2im="0"/>
    <node cost="0" wallim="25" baseim="11" base2im="0"/>
    <node cost="0" wallim="25" baseim="10" base2im="0"/>
    <node cost="0" wallim="25" baseim="9" base2im="0"/>
    <node cost="0" wallim="25" baseim="8" base2im="0"/>
    <node cost="0" wallim="25" baseim="7" base2im="0"/>
    <node cost="0" wallim="25" baseim="6" base2im="0"/>
    <node cost="0" wallim="25" baseim="5" base2im="0"/>
    <node cost="0" wallim="25" baseim="4" base2im="0"/>
    <node cost="0" wallim="25" baseim="3" base2im="0"/>
    <node cost="0" wallim="25" baseim="2" base2im="0"/>
    <node cost="0" wallim="25" baseim="1" base2im="0"/>
    <node cost="0" wallim="25" baseim="0" base2im="0"/>
    <node cost="0" wallim="25" baseim="0" base2im="0"/>
    <node cost="0" wallim="25" baseim="0" base2im="0"/>
    <node cost="0" wallim="25" baseim="0" base2im="0"/>
    <node cost="0" wallim="25" baseim="0" base2im="0"/>
    <node cost="0" wallim="25" baseim="0" base2im="0"/>
    <node cost="0" wallim="25" baseim="0" base2im="0"/>
    <node cost="0" wallim="25" baseim="0" base2im="0"/>
    <node cost="0" wallim="25" baseim="0" base2im="0"/>
    <node cost="0" wallim="25" baseim="0" base2im="0"/>
    <node cost="0" wallim="25" baseim="0" base2im="0"/>
    <node cost="0" wallim="25" baseim="0" base2im="0"/>
    <node cost="0" wallim="25" baseim="0" base2im="0"/>
    <node cost="0" wallim="25" baseim="0" base2im="0"/>
    <node cost="0" wallim="25" baseim="0" base2im="0"/>
    <node cost="0" wallim="25" baseim="0" base2im="0"/>
</row>

<row>
    <node cost="0" wallim="25" baseim="12" base2im="0"/>
    <node cost="1" wallim="23" baseim="13" base2im="0"/>
    <node cost="1" wallim="21" baseim="14" base2im="0"/>
    <node cost="1" wallim="19" baseim="13" base2im="0"/>
    <node cost="1" wallim="17" baseim="12" base2im="0"/>
    <node cost="1" wallim="16" baseim="11" base2im="0"/>
    <node cost="1" wallim="16" baseim="10" base2im="0"/>
    <node cost="1" wallim="16" baseim="9" base2im="0"/>
    <node cost="1" wallim="16" baseim="8" base2im="0"/>
    <node cost="1" wallim="16" baseim="7" base2im="0"/>
    <node cost="1" wallim="16" baseim="6" base2im="0"/>
    <node cost="1" wallim="16" baseim="5" base2im="0"/>
    <node cost="1" wallim="16" baseim="4" base2im="0"/>
    <node cost="1" wallim="16" baseim="3" base2im="0"/>
    <node cost="1" wallim="16" baseim="2" base2im="0"/>
    <node cost="1" wallim="16" baseim="1" base2im="0"/>
    <node cost="1" wallim="16" baseim="0" base2im="0"/>
    <node cost="1" wallim="16" baseim="0" base2im="0"/>
    <node cost="1" wallim="16" baseim="0" base2im="0"/>
    <node cost="1" wallim="16" baseim="0" base2im="0"/>
    <node cost="1" wallim="16" baseim="0" base2im="0"/>
    <node cost="1" wallim="16" baseim="0" base2im="0"/>
    <node cost="1" wallim="16" baseim="0" base2im="0"/>
    <node cost="1" wallim="16" baseim="0" base2im="0"/>
    <node cost="1" wallim="16" baseim="0" base2im="0"/>
    <node cost="1" wallim="16" baseim="0" base2im="0"/>
    <node cost="1" wallim="17" baseim="0" base2im="0"/>
    <node cost="1" wallim="19" baseim="0" base2im="0"/>
    <node cost="1" wallim="21" baseim="0" base2im="0"/>
    <node cost="1" wallim="23" baseim="0" base2im="0"/>
    <node cost="0" wallim="25" baseim="0" base2im="0"/>
</row>

<row>
    <node cost="0" wallim="25" baseim="13" base2im="0"/>
    <node cost="1" wallim="21" baseim="14" base2im="0"/>
    <node cost="2" wallim="17" baseim="15" base2im="0"/>
    <node cost="1" wallim="13" baseim="14" base2im="0"/>
    <node cost="1" wallim="10" baseim="13" base2im="0"/>
    <node cost="1" wallim="9" baseim="12" base2im="0"/>
    <node cost="1" wallim="9" baseim="11" base2im="0"/>
    <node cost="1" wallim="9" baseim="10" base2im="0"/>
    <node cost="1" wallim="9" baseim="9" base2im="0"/>
    <node cost="1" wallim="9" baseim="8" base2im="0"/>
    <node cost="1" wallim="9" baseim="7" base2im="0"/>
    <node cost="1" wallim="9" baseim="6" base2im="0"/>
    <node cost="1" wallim="9" baseim="5" base2im="0"/>
    <node cost="1" wallim="9" baseim="4" base2im="0"/>
    <node cost="1" wallim="9" baseim="3" base2im="0"/>
    <node cost="1" wallim="9" baseim="2" base2im="0"/>
    <node cost="1" wallim="9" baseim="1" base2im="0"/>
    <node cost="1" wallim="9" baseim="0" base2im="0"/>
    <node cost="1" wallim="9" baseim="0" base2im="0"/>
    <node cost="1" wallim="9" baseim="0" base2im="0"/>
    <node cost="1" wallim="9" baseim="0" base2im="0"/>
    <node cost="1" wallim="9" baseim="0" base2im="0"/>
    <node cost="1" wallim="9" baseim="0" base2im="0"/>
    <node cost="1" wallim="9" baseim="0" base2im="0"/>
    <node cost="1" wallim="9" baseim="0" base2im="0"/>
    <node cost="1" wallim="9" baseim="0" base2im="0"/>
    <node cost="1" wallim="10" baseim="0" base2im="0"/>
    <node cost="1" wallim="13" baseim="0" base2im="0"/>
    <node cost="1" wallim="17" baseim="0" base2im="0"/>
    <node cost="1" wallim="21" baseim="0" base2im="0"/>
    <node cost="0" wallim="25" baseim="0" base2im="0"/>
</row>

<row>
    <node cost="0" wallim="25" baseim="12" base2im="0"/>
    <node cost="1" wallim="19" baseim="13" base2im="0"/>
    <node cost="1" wallim="13" baseim="14" base2im="0"/>
    <node cost="1" wallim="8" baseim="13" base2im="0"/>
    <node cost="1" wallim="5" baseim="12" base2im="0"/>
    <node cost="1" wallim="4" baseim="11" base2im="0"/>
    <node cost="1" wallim="4" baseim="10" base2im="0"/>
    <node cost="1" wallim="4" baseim="9" base2im="0"/>
    <node cost="1" wallim="4" baseim="8" base2im="0"/>
    <node cost="1" wallim="4" baseim="7" base2im="0"/>
    <node cost="1" wallim="4" baseim="6" base2im="0"/>
    <node cost="1" wallim="4" baseim="5" base2im="0"/>
    <node cost="1" wallim="4" baseim="4" base2im="0"/>
    <node cost="1" wallim="4" baseim="3" base2im="0"/>
    <node cost="1" wallim="4" baseim="2" base2im="0"/>
    <node cost="1" wallim="4" baseim="1" base2im="0"/>
    <node cost="1" wallim="4" baseim="0" base2im="0"/>
    <node cost="1" wallim="4" baseim="0" base2im="0"/>
    <node cost="1" wallim="4" baseim="0" base2im="0"/>
    <node cost="1" wallim="4" baseim="0" base2im="0"/>
    <node cost="1" wallim="4" baseim="0" base2im="0"/>
    <node cost="1" wallim="4" baseim="0" base2im="0"/>
    <node cost="1" wallim="4" baseim="0" base2im="0"/>
    <node cost="1" wallim="4" baseim="0" base2im="0"/>
    <node cost="1" wallim="4" baseim="0" base2im="0"/>
    <node cost="1" wallim="4" baseim="0" base2im="0"/>
    <node cost="1" wallim="5" baseim="0" base2im="0"/>
    <node cost="1" wallim="8" baseim="0" base2im="0"/>
    <node cost="1" wallim="13" baseim="0" base2im="0"/>
    <node cost="1" wallim="19" baseim="0" base2im="0"/>
    <node cost="0" wallim="25" baseim="0" base2im="0"/>
</row>

<row>
    <node cost="0" wallim="25" baseim="11" base2im="0"/>
    <node cost="1" wallim="17" baseim="12" base2im="0"/>
    <node cost="1" wallim="10" baseim="13" base2im="0"/>
    <node cost="1" wallim="5" baseim="12" base2im="0"/>
    <node cost="1" wallim="2" baseim="11" base2im="0"/>
    <node cost="1" wallim="1" baseim="10" base2im="0"/>
    <node cost="1" wallim="1" baseim="9" base2im="0"/>
    <node cost="1" wallim="1" baseim="8" base2im="0"/>
    <node cost="1" wallim="1" baseim="7" base2im="0"/>
    <node cost="1" wallim="1" baseim="6" base2im="0"/>
    <node cost="1" wallim="1" baseim="5" base2im="0"/>
    <node cost="1" wallim="1" baseim="4" base2im="0"/>
    <node cost="1" wallim="1" baseim="3" base2im="0"/>
    <node cost="1" wallim="1" baseim="2" base2im="0"/>
    <node cost="1" wallim="1" baseim="1" base2im="0"/>
    <node cost="1" wallim="1" baseim="0" base2im="0"/>
    <node cost="1" wallim="1" baseim="0" base2im="0"/>
    <node cost="1" wallim="1" baseim="0" base2im="0"/>
    <node cost="1" wallim="1" baseim="0" base2im="0"/>
    <node cost="1" wallim="1" baseim="0" base2im="0"/>
    <node cost="1" wallim="1" baseim="0" base2im="0"/>
    <node cost="1" wallim="1" baseim="0" base2im="0"/>
    <node cost="1" wallim="1" baseim="0" base2im="0"/>
    <node cost="1" wallim="1" baseim="0" base2im="0"/>
    <node cost="1" wallim="1" baseim="0" base2im="0"/>
    <node cost="1" wallim="1" baseim="0" base2im="0"/>
    <node cost="1" wallim="2" baseim="0" base2im="0"/>
    <node cost="1" wallim="5" baseim="0" base2im="0"/>
    <node cost="1" wallim="10" baseim="0" base2im="0"/>
    <node cost="1" wallim="17" baseim="0" base2im="0"/>
    <node cost="0" wallim="25" baseim="0" base2im="0"/>
</row>

<row>
    <node cost="0" wallim="25" baseim="10" base2im="0"/>
    <node cost="1" wallim="17" baseim="11" base2im="0"/>
    <node cost="1" wallim="10" baseim="12" base2im="0"/>
    <node cost="1" wallim="5" baseim="11" base2im="0"/>
    <node cost="1" wallim="2" baseim="10" base2im="0"/>
    <node cost="1" wallim="1" baseim="9" base2im="0"/>
    <node cost="1" wallim="1" baseim="8" base2im="0"/>
    <node cost="1" wallim="1" baseim="7" base2im="0"/>
    <node cost="1" wallim="1" baseim="6" base2im="0"/>
    <node cost="1" wallim="1" baseim="5" base2im="0"/>
    <node cost="1" wallim="1" baseim="4" base2im="0"/>
    <node cost="1" wallim="1" baseim="3" base2im="0"/>
    <node cost="1" wallim="1" baseim="2" base2im="0"/>
    <node cost="1" wallim="1" baseim="1" base2im="0"/>
    <node cost="1" wallim="0" baseim="0" base2im="0"/>
    <node cost="1" wallim="0" baseim="0" base2im="0"/>
    <node cost="1" wallim="1" baseim="0" base2im="0"/>
    <node cost="1" wallim="1" baseim="0" base2im="0"/>
    <node cost="1" wallim="1" baseim="0" base2im="0"/>
    <node cost="1" wallim="1" baseim="0" base2im="0"/>
    <node cost="1" wallim="1" baseim="0" base2im="0"/>
    <node cost="1" wallim="1" baseim="0" base2im="0"/>
    <node cost="1" wallim="1" baseim="0" base2im="0"/>
    <node cost="1" wallim="1" baseim="0" base2im="0"/>
    <node cost="1" wallim="1" baseim="0" base2im="0"/>
    <node cost="1" wallim="1" baseim="0" base2im="0"/>
    <node cost="1" wallim="2" baseim="0" base2im="0"/>
    <node cost="1" wallim="5" baseim="0" base2im="0"/>
    <node cost="1" wallim="10" baseim="0" base2im="0"/>
    <node cost="1" wallim="17" baseim="0" base2im="0"/>
    <node cost="0" wallim="25" baseim="0" base2im="0"/>
</row>

<row>
    <node cost="0" wallim="26" baseim="9" base2im="0"/>
    <node cost="1" wallim="19" baseim="10" base2im="0"/>
    <node cost="1" wallim="13" baseim="11" base2im="0"/>
    <node cost="1" wallim="8" baseim="10" base2im="0"/>
    <node cost="1" wallim="5" baseim="9" base2im="0"/>
    <node cost="1" wallim="4" baseim="8" base2im="0"/>
    <node cost="1" wallim="4" baseim="7" base2im="0"/>
    <node cost="1" wallim="4" baseim="6" base2im="0"/>
    <node cost="1" wallim="4" baseim="5" base2im="0"/>
    <node cost="1" wallim="4" baseim="4" base2im="0"/>
    <node cost="1" wallim="4" baseim="3" base2im="0"/>
    <node cost="1" wallim="4" baseim="2" base2im="0"/>
    <node cost="1" wallim="4" baseim="1" base2im="0"/>
    <node cost="1" wallim="3" baseim="0" base2im="0"/>
    <node cost="1" wallim="1" baseim="0" base2im="0"/>
    <node cost="1" wallim="1" baseim="0" base2im="0"/>
    <node cost="1" wallim="3" baseim="0" base2im="0"/>
    <node cost="1" wallim="4" baseim="0" base2im="0"/>
    <node cost="1" wallim="4" baseim="0" base2im="0"/>
    <node cost="1" wallim="4" baseim="0" base2im="0"/>
    <node cost="1" wallim="4" baseim="0" base2im="0"/>
    <node cost="1" wallim="4" baseim="0" base2im="0"/>
    <node cost="1" wallim="4" baseim="0" base2im="0"/>
    <node cost="1" wallim="4" baseim="0" base2im="0"/>
    <node cost="1" wallim="4" baseim="0" base2im="0"/>
    <node cost="1" wallim="4" baseim="0" base2im="0"/>
    <node cost="1" wallim="5" baseim="0" base2im="0"/>
    <node cost="1" wallim="8" baseim="0" base2im="0"/>
    <node cost="1" wallim="13" baseim="0" base2im="0"/>
    <node cost="1" wallim="19" baseim="0" base2im="0"/>
    <node cost="0" wallim="26" baseim="0" base2im="0"/>
</row>

<row>
    <node cost="0" wallim="28" baseim="8" base2im="0"/>
    <node cost="1" wallim="22" baseim="9" base2im="0"/>
    <node cost="1" wallim="17" baseim="10" base2im="0"/>
    <node cost="1" wallim="13" baseim="9" base2im="0"/>
    <node cost="1" wallim="10" baseim="8" base2im="0"/>
    <node cost="1" wallim="9" baseim="7" base2im="0"/>
    <node cost="1" wallim="9" baseim="6" base2im="0"/>
    <node cost="1" wallim="9" baseim="5" base2im="0"/>
    <node cost="1" wallim="9" baseim="4" base2im="0"/>
    <node cost="1" wallim="9" baseim="3" base2im="0"/>
    <node cost="1" wallim="9" baseim="2" base2im="0"/>
    <node cost="1" wallim="9" baseim="1" base2im="0"/>
    <node cost="1" wallim="8" baseim="0" base2im="0"/>
    <node cost="1" wallim="6" baseim="0" base2im="0"/>
    <node cost="1" wallim="4" baseim="0" base2im="0"/>
    <node cost="1" wallim="4" baseim="0" base2im="0"/>
    <node cost="1" wallim="6" baseim="0" base2im="0"/>
    <node cost="1" wallim="8" baseim="0" base2im="0"/>
    <node cost="1" wallim="9" baseim="0" base2im="0"/>
    <node cost="1" wallim="9" baseim="0" base2im="0"/>
    <node cost="1" wallim="9" baseim="0" base2im="0"/>
    <node cost="1" wallim="9" baseim="0" base2im="0"/>
    <node cost="1" wallim="9" baseim="0" base2im="0"/>
    <node cost="1" wallim="9" baseim="0" base2im="0"/>
    <node cost="1" wallim="9" baseim="0" base2im="0"/>
    <node cost="1" wallim="9" baseim="0" base2im="0"/>
    <node cost="1" wallim="10" baseim="0" base2im="0"/>
    <node cost="1" wallim="13" baseim="0" base2im="0"/>
    <node cost="1" wallim="17" baseim="0" base2im="0"/>
    <node cost="1" wallim="22" baseim="0" base2im="0"/>
    <node cost="0" wallim="28" baseim="0" base2im="0"/>
</row>

<row>
    <node cost="0" wallim="31" baseim="7" base2im="0"/>
    <node cost="1" wallim="26" baseim="8" base2im="0"/>
    <node cost="1" wallim="22" baseim="9" base2im="0"/>
    <node cost="1" wallim="19" baseim="8" base2im="0"/>
    <node cost="1" wallim="17" baseim="7" base2im="0"/>
    <node cost="1" wallim="16" baseim="6" base2im="0"/>
    <node cost="1" wallim="16" baseim="5" base2im="0"/>
    <node cost="1" wallim="16" baseim="4" base2im="0"/>
    <node cost="1" wallim="16" baseim="3" base2im="0"/>
    <node cost="1" wallim="16" baseim="2" base2im="0"/>
    <node cost="1" wallim="16" baseim="1" base2im="0"/>
    <node cost="1" wallim="15" baseim="0" base2im="0"/>
    <node cost="1" wallim="13" baseim="0" base2im="0"/>
    <node cost="1" wallim="11" baseim="0" base2im="0"/>
    <node cost="1" wallim="9" baseim="0" base2im="0"/>
    <node cost="1" wallim="9" baseim="0" base2im="0"/>
    <node cost="1" wallim="11" baseim="0" base2im="0"/>
    <node cost="1" wallim="13" baseim="0" base2im="0"/>
    <node cost="1" wallim="15" baseim="0" base2im="0"/>
    <node cost="1" wallim="16" baseim="0" base2im="0"/>
    <node cost="1" wallim="16" baseim="0" base2im="0"/>
    <node cost="1" wallim="16" baseim="0" base2im="0"/>
    <node cost="1" wallim="16" baseim="0" base2im="0"/>
    <node cost="1" wallim="16" baseim="0" base2im="0"/>
    <node cost="1" wallim="16" baseim="0" base2im="0"/>
    <node cost="1" wallim="16" baseim="0" base2im="0"/>
    <node cost="1" wallim="17" baseim="0" base2im="0"/>
    <node cost="1" wallim="19" baseim="0" base2im="0"/>
    <node cost="1" wallim="22" baseim="0" base2im="0"/>
    <node cost="1" wallim="26" baseim="0" base2im="0"/>
    <node cost="0" wallim="31" baseim="0" base2im="0"/>
</row>

<row>
    <node cost="0" wallim="35" baseim="6" base2im="0"/>
    <node cost="0" wallim="31" baseim="7" base2im="0"/>
    <node cost="0" wallim="28" baseim="8" base2im="0"/>
    <node cost="0" wallim="26" baseim="7" base2im="0"/>
    <node cost="0" wallim="25" baseim="6" base2im="0"/>
    <node cost="0" wallim="25" baseim="5" base2im="0"/>
    <node cost="0" wallim="25" baseim="4" base2im="0"/>
    <node cost="0" wallim="25" baseim="3" base2im="0"/>
    <node cost="0" wallim="25" baseim="2" base2im="0"/>
    <node cost="0" wallim="25" baseim="1" base2im="0"/>
    <node cost="0" wallim="24" baseim="0" base2im="0"/>
    <node cost="0" wallim="22" baseim="0" base2im="0"/>
    <node cost="0" wallim="20" baseim="0" base2im="0"/>
    <node cost="0" wallim="18" baseim="0" base2im="0"/>
    <node cost="1" wallim="16" baseim="0" base2im="0"/>
    <node cost="1" wallim="16" baseim="0" base2im="0"/>
    <node cost="0" wallim="18" baseim="0" base2im="0"/>
    <node cost="0" wallim="20" baseim="0" base2im="0"/>
    <node cost="0" wallim="22" baseim="0" base2im="0"/>
    <node cost="0" wallim="24" baseim="0" base2im="0"/>
    <node cost="0" wallim="25" baseim="0" base2im="0"/>
    <node cost="0" wallim="25" baseim="0" base2im="0"/>
    <node cost="0" wallim="25" baseim="0" base2im="0"/>
    <node cost="0" wallim="25" baseim="0" base2im="0"/>
    <node cost="0" wallim="25" baseim="0" base2im="0"/>
    <node cost="0" wallim="25" baseim="0" base2im="0"/>
    <node cost="0" wallim="25" baseim="0" base2im="0"/>
    <node cost="0" wallim="26" baseim="0" base2im="0"/>
    <node cost="0" wallim="28" baseim="0" base2im="0"/>
    <node cost="0" wallim="31" baseim="0" base2im="0"/>
    <node cost="0" wallim="35" baseim="0" base2im="0"/>
</row>

<row>
    <node cost="0" wallim="31" baseim="5" base2im="0"/>
    <node cost="1" wallim="26" baseim="6" base2im="0"/>
    <node cost="1" wallim="22" baseim="7" base2im="0"/>
    <node cost="1" wallim="19" baseim="6" base2im="0"/>
    <node cost="1" wallim="17" baseim="5" base2im="0"/>
    <node cost="1" wallim="16" baseim="4" base2im="0"/>
    <node cost="1" wallim="16" baseim="3" base2im="0"/>
    <node cost="1" wallim="16" baseim="2" base2im="0"/>
    <node cost="1" wallim="16" baseim="1" base2im="0"/>
    <node cost="1" wallim="16" baseim="0" base2im="0"/>
    <node cost="1" wallim="16" baseim="0" base2im="0"/>
    <node cost="1" wallim="15" baseim="0" base2im="0"/>
    <node cost="1" wallim="13" baseim="0" base2im="0"/>
    <node cost="1" wallim="11" baseim="0" base2im="0"/>
    <node cost="1" wallim="9" baseim="0" base2im="0"/>
    <node cost="1" wallim="9" baseim="0" base2im="0"/>
    <node cost="1" wallim="11" baseim="0" base2im="0"/>
    <node cost="1" wallim="13" baseim="0" base2im="0"/>
    <node cost="1" wallim="15" baseim="0" base2im="0"/>
    <node cost="1" wallim="16" baseim="0" base2im="0"/>
    <node cost="1" wallim="16" baseim="0" base2im="0"/>
    <node cost="1" wallim="16" baseim="0" base2im="0"/>
    <node cost="1" wallim="16" baseim="0" base2im="0"/>
    <node cost="1" wallim="16" baseim="0" base2im="0"/>
    <node cost="1" wallim="16" baseim="0" base2im="0"/>
    <node cost="1" wallim="16" baseim="0" base2im="0"/>
    <node cost="1" wallim="17" baseim="0" base2im="0"/>
    <node cost="1" wallim="19" baseim="0" base2im="0"/>
    <node cost="1" wallim="22" baseim="0" base2im="0"/>
    <node cost="1" wallim="26" baseim="0" base2im="0"/>
    <node cost="0" wallim="31" baseim="0" base2im="0"/>
</row>

<row>
    <node cost="0" wallim="28" baseim="4" base2im="0"/>
    <node cost="1" wallim="22" baseim="5" base2im="0"/>
    <node cost="1" wallim="17" baseim="6" base2im="0"/>
    <node cost="1" wallim="13" baseim="5" base2im="0"/>
    <node cost="1" wallim="10" baseim="4" base2im="0"/>
    <node cost="1" wallim="9" baseim="3" base2im="0"/>
    <node cost="1" wallim="9" baseim="2" base2im="0"/>
    <node cost="1" wallim="9" baseim="1" base2im="0"/>
    <node cost="1" wallim="9" baseim="0" base2im="0"/>
    <node cost="1" wallim="9" baseim="0" base2im="0"/>
    <node cost="1" wallim="9" baseim="0" base2im="0"/>
    <node cost="1" wallim="9" baseim="0" base2im="0"/>
    <node cost="1" wallim="8" baseim="0" base2im="0"/>
    <node cost="1" wallim="6" baseim="0" base2im="0"/>
    <node cost="1" wallim="4" baseim="0" base2im="0"/>
    <node cost="1" wallim="4" baseim="0" base2im="0"/>
    <node cost="1" wallim="6" baseim="0" base2im="0"/>
    <node cost="1" wallim="8" baseim="0" base2im="0"/>
    <node cost="1" wallim="9" baseim="0" base2im="0"/>
    <node cost="1" wallim="9" baseim="0" base2im="0"/>
    <node cost="1" wallim="9" baseim="0" base2im="0"/>
    <node cost="1" wallim="9" baseim="0" base2im="0"/>
    <node cost="1" wallim="9" baseim="0" base2im="0"/>
    <node cost="1" wallim="9" baseim="0" base2im="0"/>
    <node cost="1" wallim="9" baseim="0" base2im="0"/>
    <node cost="1" wallim="9" baseim="0" base2im="0"/>
    <node cost="1" wallim="10" baseim="0" base2im="0"/>
    <node cost="1" wallim="13" baseim="0" base2im="0"/>
    <node cost="1" wallim="17" baseim="0" base2im="0"/>
    <node cost="1" wallim="22" baseim="0" base2im="0"/>
    <node cost="0" wallim="28" baseim="0" base2im="0"/>
</row>

<row>
    <node cost="0" wallim="26" baseim="3" base2im="0"/>
    <node cost="1" wallim="19" baseim="4" base2im="0"/>
    <node cost="1" wallim="13" baseim="5" base2im="0"/>
    <node cost="1" wallim="8" baseim="4" base2im="0"/>
    <node cost="1" wallim="5" baseim="3" base2im="0"/>
    <node cost="1" wallim="4" baseim="2" base2im="0"/>
    <node cost="1" wallim="4" baseim="1" base2im="0"/>
    <node cost="1" wallim="4" baseim="0" base2im="0"/>
    <node cost="1" wallim="4" baseim="0" base2im="0"/>
    <node cost="1" wallim="4" baseim="0" base2im="0"/>
    <node cost="1" wallim="4" baseim="0" base2im="0"/>
    <node cost="1" wallim="4" baseim="0" base2im="0"/>
    <node cost="1" wallim="4" baseim="0" base2im="0"/>
    <node cost="1" wallim="3" baseim="0" base2im="0"/>
    <node cost="1" wallim="1" baseim="0" base2im="0"/>
    <node cost="1" wallim="1" baseim="0" base2im="0"/>
    <node cost="1" wallim="3" baseim="0" base2im="0"/>
    <node cost="1" wallim="4" baseim="0" base2im="0"/>
    <node cost="1" wallim="4" baseim="0" base2im="0"/>
    <node cost="1" wallim="4" baseim="0" base2im="0"/>
    <node cost="1" wallim="4" baseim="0" base2im="0"/>
    <node cost="1" wallim="4" baseim="0" base2im="0"/>
    <node cost="1" wallim="4" baseim="0" base2im="0"/>
    <node cost="1" wallim="4" baseim="0" base2im="0"/>
    <node cost="1" wallim="4" baseim="0" base2im="0"/>
    <node cost="1" wallim="4" baseim="0" base2im="0"/>
    <node cost="1" wallim="5" baseim="0" base2im="0"/>
    <node cost="1" wallim="8" baseim="0" base2im="0"/>
    <node cost="1" wallim="13" baseim="0" base2im="0"/>
    <node cost="1" wallim="19" baseim="0" base2im="0"/>
    <node cost="0" wallim="26" baseim="0" base2im="0"/>
</row>

<row>
    <node cost="0" wallim="25" baseim="2" base2im="0"/>
    <node cost="1" wallim="17" baseim="3" base2im="0"/>
    <node cost="1" wallim="10" baseim="4" base2im="0"/>
    <node cost="1" wallim="5" baseim="3" base2im="0"/>
    <node cost="1" wallim="2" baseim="2" base2im="0"/>
    <node cost="1" wallim="1" baseim="1" base2im="0"/>
    <node cost="1" wallim="1" baseim="0" base2im="0"/>
    <node cost="1" wallim="1" baseim="0" base2im="0"/>
    <node cost="1" wallim="1" baseim="0" base2im="0"/>
    <node cost="1" wallim="1" baseim="0" base2im="0"/>
    <node cost="1" wallim="1" baseim="0" base2im="0"/>
    <node cost="1" wallim="1" baseim="0" base2im="0"/>
    <node cost="1" wallim="1" baseim="0" base2im="0"/>
    <node cost="1" wallim="1" baseim="0" base2im="0"/>
    <node cost="1" wallim="0" baseim="0" base2im="0"/>
    <node cost="1" wallim="0" baseim="0" base2im="0"/>
    <node cost="1" wallim="1" baseim="0" base2im="0"/>
    <node cost="1" wallim="1" baseim="0" base2im="0"/>
    <node cost="1" wallim="1" baseim="0" base2im="0"/>
    <node cost="1" wallim="1" baseim="0" base2im="0"/>
    <node cost="1" wallim="1" baseim="0" base2im="0"/>
    <node cost="1" wallim="1" baseim="0" base2im="0"/>
    <node cost="1" wallim="1" baseim="0" base2im="0"/>
    <node cost="1" wallim="1" baseim="0" base2im="0"/>
    <node cost="1" wallim="1" baseim="0" base2im="0"/>
    <node cost="1" wallim="1" baseim="0" base2im="0"/>
    <node cost="1" wallim="2" baseim="0" base2im="0"/>
    <node cost="1" wallim="5" baseim="0" base2im="0"/>
    <node cost="1" wallim="10" baseim="0" base2im="0"/>
    <node cost="1" wallim="17" baseim="0" base2im="0"/>
    <node cost="0" wallim="25" baseim="0" base2im="0"/>
</row>

<row>
    <node cost="0" wallim="25" baseim="1" base2im="0"/>
    <node cost="1" wallim="16" baseim="2" base2im="0"/>
    <node cost="1" wallim="9" baseim="3" base2im="0"/>
    <node cost="1" wallim="4" baseim="2" base2im="0"/>
    <node cost="1" wallim="1" baseim="1" base2im="0"/>
    <node cost="1" wallim="0" baseim="0" base2im="0"/>
    <node cost="1" wallim="0" baseim="0" base2im="0"/>
    <node cost="1" wallim="0" baseim="0" base2im="0"/>
    <node cost="1" wallim="0" baseim="0" base2im="0"/>
    <node cost="1" wallim="0" baseim="0" base2im="0"/>
    <node cost="1" wallim="0" baseim="0" base2im="0"/>
    <node cost="1" wallim="0" baseim="0" base2im="0"/>
    <node cost="1" wallim="0" baseim="0" base2im="0"/>
    <node cost="1" wallim="0" baseim="0" base2im="0"/>
    <node cost="1" wallim="0" baseim="0" base2im="0"/>
    <node cost="1" wallim="0" baseim="0" base2im="0"/>
    <node cost="1" wallim="0" baseim="0" base2im="0"/>
    <node cost="1" wallim="0" baseim="0" base2im="0"/>
    <node cost="1" wallim="0" baseim="0" base2im="0"/>
    <node cost="1" wallim="0" baseim="0" base2im="0"/>
    <node cost="1" wallim="0" baseim="0" base2im="0"/>
    <node cost="1" wallim="0" baseim="0" base2im="0"/>
    <node cost="1" wallim="0" baseim="0" base2im="0"/>
    <node cost="1" wallim="0" baseim="0" base2im="0"/>
    <node cost="1" wallim="0" baseim="0" base2im="0"/>
    <node cost="1" wallim="0" baseim="0" base2im="0"/>
    <node cost="1" wallim="1" baseim="0" base2im="0"/>
    <node cost="1" wallim="4" baseim="0" base2im="0"/>
    <node cost="1" wallim="9" baseim="0" base2im="0"/>
    <node cost="1" wallim="16" baseim="0" base2im="0"/>
    <node cost="0" wallim="25" baseim="0" base2im="0"/>
</row>

<row>
    <node cost="0" wallim="25" baseim="0" base2im="0"/>
    <node cost="1" wallim="17" baseim="1" base2im="0"/>
    <node cost="1" wallim="10" baseim="2" base2im="0"/>
    <node cost="1" wallim="5" baseim="1" base2im="0"/>
    <node cost="1" wallim="2" baseim="0" base2im="0"/>
    <node cost="1" wallim="1" baseim="0" base2im="0"/>
    <node cost="1" wallim="1" baseim="0" base2im="0"/>
    <node cost="1" wallim="1" baseim="0" base2im="0"/>
    <node cost="1" wallim="1" baseim="0" base2im="0"/>
    <node cost="1" wallim="1" baseim="0" base2im="0"/>
    <node cost="1" wallim="1" baseim="0" base2im="0"/>
    <node cost="1" wallim="1" baseim="0" base2im="0"/>
    <node cost="1" wallim="1" baseim="0" base2im="0"/>
    <node cost="1" wallim="1" baseim="0" base2im="0"/>
    <node cost="1" wallim="0" baseim="0" base2im="0"/>
    <node cost="1" wallim="0" baseim="0" base2im="0"/>
    <node cost="1" wallim="1" baseim="0" base2im="0"/>
    <node cost="1" wallim="1" baseim="0" base2im="0"/>
    <node cost="1" wallim="1" baseim="0" base2im="0"/>
    <node cost="1" wallim="1" baseim="0" base2im="0"/>
    <node cost="1" wallim="1" baseim="0" base2im="0"/>
    <node cost="1" wallim="1" baseim="0" base2im="0"/>
    <node cost="1" wallim="1" baseim="0" base2im="0"/>
    <node cost="1" wallim="1" baseim="0" base2im="0"/>
    <node cost="1" wallim="1" baseim="0" base2im="0"/>
    <node cost="1" wallim="1" baseim="0" base2im="0"/>
    <node cost="1" wallim="2" baseim="0" base2im="0"/>
    <node cost="1" wallim="5" baseim="0" base2im="0"/>
    <node cost="1" wallim="10" baseim="0" base2im="1"/>
    <node cost="1" wallim="17" baseim="0" base2im="0"/>
    <node cost="0" wallim="25" baseim="0" base2im="0"/>
</row>

<row>
    <node cost="0" wallim="26" baseim="0" base2im="0"/>
    <node cost="1" wallim="19" baseim="0" base2im="0"/>
    <node cost="1" wallim="13" baseim="1" base2im="0"/>
    <node cost="1" wallim="8" baseim="0" base2im="0"/>
    <node cost="1" wallim="5" baseim="0" base2im="0"/>
    <node cost="1" wallim="4" baseim="0" base2im="0"/>
    <node cost="1" wallim="4" baseim="0" base2im="0"/>
    <node cost="1" wallim="4" baseim="0" base2im="0"/>
    <node cost="1" wallim="4" baseim="0" base2im="0"/>
    <node cost="1" wallim="4" baseim="0" base2im="0"/>
    <node cost="1" wallim="4" baseim="0" base2im="0"/>
    <node cost="1" wallim="4" baseim="0" base2im="0"/>
    <node cost="1" wallim="4" baseim="0" base2im="0"/>
    <node cost="1" wallim="3" baseim="0" base2im="0"/>
    <node cost="1" wallim="1" baseim="0" base2im="0"/>
    <node cost="1" wallim="1" baseim="0" base2im="0"/>
    <node cost="1" wallim="3" baseim="0" base2im="0"/>
    <node cost="1" wallim="4" baseim="0" base2im="0"/>
    <node cost="1" wallim="4" baseim="0" base2im="0"/>
    <node cost="1" wallim="4" baseim="0" base2im="0"/>
    <node cost="1" wallim="4" baseim="0" base2im="0"/>
    <node cost="1" wallim="4" baseim="0" base2im="0"/>
    <node cost="1" wallim="4" baseim="0" base2im="0"/>
    <node cost="1" wallim="4" baseim="0" base2im="0"/>
    <node cost="1" wallim="4" baseim="0" base2im="0"/>
    <node cost="1" wallim="4" baseim="0" base2im="0"/>
    <node cost="1" wallim="5" baseim="0" base2im="0"/>
    <node cost="1" wallim="8" baseim="0" base2im="1"/>
    <node cost="1" wallim="13" baseim="0" base2im="2"/>
    <node cost="1" wallim="19" baseim="0" base2im="1"/>
    <node cost="0" wallim="26" baseim="0" base2im="0"/>
</row>

<row>
    <node cost="0" wallim="28" baseim="0" base2im="0"/>
    <node cost="1" wallim="22" baseim="0" base2im="0"/>
    <node cost="1" wallim="17" baseim="0" base2im="0"/>
    <node cost="1" wallim="13" baseim="0" base2im="0"/>
    <node cost="1" wallim="10" baseim="0" base2im="0"/>
    <node cost="1" wallim="9" baseim="0" base2im="0"/>
    <node cost="1" wallim="9" baseim="0" base2im="0"/>
    <node cost="1" wallim="9" baseim="0" base2im="0"/>
    <node cost="1" wallim="9" baseim="0" base2im="0"/>
    <node cost="1" wallim="9" baseim="0" base2im="0"/>
    <node cost="1" wallim="9" baseim="0" base2im="0"/>
    <node cost="1" wallim="9" baseim="0" base2im="0"/>
    <node cost="1" wallim="8" baseim="0" base2im="0"/>
    <node cost="1" wallim="6" baseim="0" base2im="0"/>
    <node cost="1" wallim="4" baseim="0" base2im="0"/>
    <node cost="1" wallim="4" baseim="0" base2im="0"/>
    <node cost="1" wallim="6" baseim="0" base2im="0"/>
    <node cost="1" wallim="8" baseim="0" base2im="0"/>
    <node cost="1" wallim="9" baseim="0" base2im="0"/>
    <node cost="1" wallim="9" baseim="0" base2im="0"/>
    <node cost="1" wallim="9" baseim="0" base2im="0"/>
    <node cost="1" wallim="9" baseim="0" base2im="0"/>
    <node cost="1" wallim="9" baseim="0" base2im="0"/>
    <node cost="1" wallim="9" baseim="0" base2im="0"/>
    <node cost="1" wallim="9" baseim="0" base2im="0"/>
    <node cost="1" wallim="9" baseim="0" base2im="0"/>
    <node cost="1" wallim="10" baseim="0" base2im="1"/>
    <node cost="1" wallim="13" baseim="0" base2im="2"/>
    <node cost="1" wallim="17" baseim="0" base2im="3"/>
    <node cost="1" wallim="22" baseim="0" base2im="2"/>
    <node cost="0" wallim="28" baseim="0" base2im="1"/>
</row>

<row>
    <node cost="0" wallim="31" baseim="0" base2im="0"/>
    <node cost="1" wallim="26" baseim="0" base2im="0"/>
    <node cost="1" wallim="22" baseim="0" base2im="0"/>
    <node cost="1" wallim="19" baseim="0" base2im="0"/>
    <node cost="1" wallim="17" baseim="0" base2im="0"/>
    <node cost="1" wallim="16" baseim="0" base2im="0"/>
    <node cost="1" wallim="16" baseim="0" base2im="0"/>
    <node cost="1" wallim="16" baseim="0" base2im="0"/>
    <node cost="1" wallim="16" baseim="0" base2im="0"/>
    <node cost="1" wallim="16" baseim="0" base2im="0"/>
    <node cost="1" wallim="16" baseim="0" base2im="0"/>
    <node cost="1" wallim="15" baseim="0" base2im="0"/>
    <node cost="1" wallim="13" baseim="0" base2im="0"/>
    <node cost="1" wallim="11" baseim="0" base2im="0"/>
    <node cost="1" wallim="9" baseim="0" base2im="0"/>
    <node cost="1" wallim="9" baseim="0" base2im="0"/>
    <node cost="1" wallim="11" baseim="0" base2im="0"/>
    <node cost="1" wallim="13" baseim="0" base2im="0"/>
    <node cost="1" wallim="15" baseim="0" base2im="0"/>
    <node cost="1" wallim="16" baseim="0" base2im="0"/>
    <node cost="1" wallim="16" baseim="0" base2im="0"/>
    <node cost="1" wallim="16" baseim="0" base2im="0"/>
    <node cost="1" wallim="16" baseim="0" base2im="0"/>
    <node cost="1" wallim="16" baseim="0" base2im="0"/>
    <node cost="1" wallim="16" baseim="0" base2im="0"/>
    <node cost="1" wallim="16" baseim="0" base2im="1"/>
    <node cost="1" wallim="17" baseim="0" base2im="2"/>
    <node cost="1" wallim="19" baseim="0" base2im="3"/>
    <node cost="1" wallim="22" baseim="0" base2im="4"/>
    <node cost="1" wallim="26" baseim="0" base2im="3"/>
    <node cost="0" wallim="31" baseim="0" base2im="2"/>
</row>

<row>
    <node cost="0" wallim="35" baseim="0" base2im="0"/>
    <node cost="0" wallim="31" baseim="0" base2im="0"/>
    <node cost="0" wallim="28" baseim="0" base2im="0"/>
    <node cost="0" wallim="26" baseim="0" base2im="0"/>
    <node cost="0" wallim="25" baseim="0" base2im="0"/>
    <node cost="0" wallim="25" baseim="0" base2im="0"/>
    <node cost="0" wallim="25" baseim="0" base2im="0"/>
    <node cost="0" wallim="25" baseim="0" base2im="0"/>
    <node cost="0" wallim="25" baseim="0" base2im="0"/>
    <node cost="0" wallim="25" baseim="0" base2im="0"/>
    <node cost="0" wallim="24" baseim="0" base2im="0"/>
    <node cost="0" wallim="22" baseim="0" base2im="0"/>
    <node cost="0" wallim="20" baseim="0" base2im="0"/>
    <node cost="0" wallim="18" baseim="0" base2im="0"/>
    <node cost="1" wallim="16" baseim="0" base2im="0"/>
    <node cost="1" wallim="16" baseim="0" base2im="0"/>
    <node cost="0" wallim="18" baseim="0" base2im="0"/>
    <node cost="0" wallim="20" baseim="0" base2im="0"/>
    <node cost="0" wallim="22" baseim="0" base2im="0"/>
    <node cost="0" wallim="24" baseim="0" base2im="0"/>
    <node cost="0" wallim="25" baseim="0" base2im="0"/>
    <node cost="0" wallim="25" baseim="0" base2im="0"/>
    <node cost="0" wallim="25" baseim="0" base2im="0"/>
    <node cost="0" wallim="25" baseim="0" base2im="0"/>
    <node cost="0" wallim="25" baseim="0" base2im="1"/>
    <node cost="0" wallim="25" baseim="0" base2im="2"/>
    <node cost="0" wallim="25" baseim="0" base2im="3"/>
    <node cost="0" wallim="26" baseim="0" base2im="4"/>
    <node cost="0" wallim="28" baseim="0" base2im="5"/>
    <node cost="0" wallim="31" baseim="0" base2im="4"/>
    <node cost="0" wallim="35" baseim="0" base2im="3"/>
</row>

<row>
    <node cost="0" wallim="31" baseim="0" base2im="0"/>
    <node cost="1" wallim="26" baseim="0" base2im="0"/>
    <node cost="1" wallim="22" baseim="0" base2im="0"/>
    <node cost="1" wallim="19" baseim="0" base2im="0"/>
    <node cost="1" wallim="17" baseim="0" base2im="0"/>
    <node cost="1" wallim="16" baseim="0" base2im="0"/>
    <node cost="1" wallim="16" baseim="0" base2im="0"/>
    <node cost="1" wallim="16" baseim="0" base2im="0"/>
    <node cost="1" wallim="16" baseim="0" base2im="0"/>
    <node cost="1" wallim="16" baseim="0" base2im="0"/>
    <node cost="1" wallim="16" baseim="0" base2im="0"/>
    <node cost="1" wallim="15" baseim="0" base2im="0"/>
    <node cost="1" wallim="13" baseim="0" base2im="0"/>
    <node cost="1" wallim="11" baseim="0" base2im="0"/>
    <node cost="1" wallim="9" baseim="0" base2im="0"/>
    <node cost="1" wallim="9" baseim="0" base2im="0"/>
    <node cost="1" wallim="11" baseim="0" base2im="0"/>
    <node cost="1" wallim="13" baseim="0" base2im="0"/>
    <node cost="1" wallim="15" baseim="0" base2im="0"/>
    <node cost="1" wallim="16" baseim="0" base2im="0"/>
    <node cost="1" wallim="16" baseim="0" base2im="0"/>
    <node cost="1" wallim="16" baseim="0" base2im="0"/>
    <node cost="1" wallim="16" baseim="0" base2im="0"/>
    <node cost="1" wallim="16" baseim="0" base2im="1"/>
    <node cost="1" wallim="16" baseim="0" base2im="2"/>
    <node cost="1" wallim="16" baseim="0" base2im="3"/>
    <node cost="1" wallim="17" baseim="0" base2im="4"/>
    <node cost="1" wallim="19" baseim="0" base2im="5"/>
    <node cost="1" wallim="22" baseim="0" base2im="6"/>
    <node cost="1" wallim="26" baseim="0" base2im="5"/>
    <node cost="0" wallim="31" baseim="0" base2im="4"/>
</row>

<row>
    <node cost="0" wallim="28" baseim="0" base2im="0"/>
    <node cost="1" wallim="22" baseim="0" base2im="0"/>
    <node cost="1" wallim="17" baseim="0" base2im="0"/>
    <node cost="1" wallim="13" baseim="0" base2im="0"/>
    <node cost="1" wallim="10" baseim="0" base2im="0"/>
    <node cost="1" wallim="9" baseim="0" base2im="0"/>
    <node cost="1" wallim="9" baseim="0" base2im="0"/>
    <node cost="1" wallim="9" baseim="0" base2im="0"/>
    <node cost="1" wallim="9" baseim="0" base2im="0"/>
    <node cost="1" wallim="9" baseim="0" base2im="0"/>
    <node cost="1" wallim="9" baseim="0" base2im="0"/>
    <node cost="1" wallim="9" baseim="0" base2im="0"/>
    <node cost="1" wallim="8" baseim="0" base2im="0"/>
    <node cost="1" wallim="6" baseim="0" base2im="0"/>
    <node cost="1" wallim="4" baseim="0" base2im="0"/>
    <node cost="1" wallim="4" baseim="0" base2im="0"/>
    <node cost="1" wallim="6" baseim="0" base2im="0"/>
    <node cost="1" wallim="8" baseim="0" base2im="0"/>
    <node cost="1" wallim="9" baseim="0" base2im="0"/>
    <node cost="1" wallim="9" baseim="0" base2im="0"/>
    <node cost="1" wallim="9" baseim="0" base2im="0"/>
    <node cost="1" wallim="9" baseim="0" base2im="0"/>
    <node cost="1" wallim="9" baseim="0" base2im="1"/>
    <node cost="1" wallim="9" baseim="0" base2im="2"/>
    <node cost="1" wallim="9" baseim="0" base2im="3"/>
    <node cost="1" wallim="9" baseim="0" base2im="4"/>
    <node cost="1" wallim="10" baseim="0" base2im="5"/>
    <node cost="1" wallim="13" baseim="0" base2im="6"/>
    <node cost="1" wallim="17" baseim="0" base2im="7"/>
    <node cost="1" wallim="22" baseim="0" base2im="6"/>
    <node cost="0" wallim="28" baseim="0" base2im="5"/>
</row>

<row>
    <node cost="0" wallim="26" baseim="0" base2im="0"/>
    <node cost="1" wallim="19" baseim="0" base2im="0"/>
    <node cost="1" wallim="13" baseim="0" base2im="0"/>
    <node cost="1" wallim="8" baseim="0" base2im="0"/>
    <node cost="1" wallim="5" baseim="0" base2im="0"/>
    <node cost="1" wallim="4" baseim="0" base2im="0"/>
    <node cost="1" wallim="4" baseim="0" base2im="0"/>
    <node cost="1" wallim="4" baseim="0" base2im="0"/>
    <node cost="1" wallim="4" baseim="0" base2im="0"/>
    <node cost="1" wallim="4" baseim="0" base2im="0"/>
    <node cost="1" wallim="4" baseim="0" base2im="0"/>
    <node cost="1" wallim="4" baseim="0" base2im="0"/>
    <node cost="1" wallim="4" baseim="0" base2im="0"/>
    <node cost="1" wallim="3" baseim="0" base2im="0"/>
    <node cost="1" wallim="1" baseim="0" base2im="0"/>
    <node cost="1" wallim="1" baseim="0" base2im="0"/>
    <node cost="1" wallim="3" baseim="0" base2im="0"/>
    <node cost="1" wallim="4" baseim="0" base2im="0"/>
    <node cost="1" wallim="4" baseim="0" base2im="0"/>
    <node cost="1" wallim="4" baseim="0" base2im="0"/>
    <node cost="1" wallim="4" baseim="0" base2im="0"/>
    <node cost="1" wallim="4" baseim="0" base2im="1"/>
    <node cost="1" wallim="4" baseim="0" base2im="2"/>
    <node cost="1" wallim="4" baseim="0" base2im="3"/>
    <node cost="1" wallim="4" baseim="0" base2im="4"/>
    <node cost="1" wallim="4" baseim="0" base2im="5"/>
    <node cost="1" wallim="5" baseim="0" base2im="6"/>
    <node cost="1" wallim="8" baseim="0" base2im="7"/>
    <node cost="1" wallim="13" baseim="0" base2im="8"/>
    <node cost="1" wallim="19" baseim="0" base2im="7"/>
    <node cost="0" wallim="26" baseim="0" base2im="6"/>
</row>

<row>
    <node cost="0" wallim="25" baseim="0" base2im="0"/>
    <node cost="1" wallim="17" baseim="0" base2im="0"/>
    <node cost="1" wallim="10" baseim="0" base2im="0"/>
    <node cost="1" wallim="5" baseim="0" base2im="0"/>
    <node cost="1" wallim="2" baseim="0" base2im="0"/>
    <node cost="1" wallim="1" baseim="0" base2im="0"/>
    <node cost="1" wallim="1" baseim="0" base2im="0"/>
    <node cost="1" wallim="1" baseim="0" base2im="0"/>
    <node cost="1" wallim="1" baseim="0" base2im="0"/>
    <node cost="1" wallim="1" baseim="0" base2im="0"/>
    <node cost="1" wallim="1" baseim="0" base2im="0"/>
    <node cost="1" wallim="1" baseim="0" base2im="0"/>
    <node cost="1" wallim="1" baseim="0" base2im="0"/>
    <node cost="1" wallim="1" baseim="0" base2im="0"/>
    <node cost="1" wallim="0" baseim="0" base2im="0"/>
    <node cost="1" wallim="0" baseim="0" base2im="0"/>
    <node cost="1" wallim="1" baseim="0" base2im="0"/>
    <node cost="1" wallim="1" baseim="0" base2im="0"/>
    <node cost="1" wallim="1" baseim="0" base2im="0"/>
    <node cost="1" wallim="1" baseim="0" base2im="0"/>
    <node cost="1" wallim="1" baseim="0" base2im="1"/>
    <node cost="1" wallim="1" baseim="0" base2im="2"/>
    <node cost="1" wallim="1" baseim="0" base2im="3"/>
    <node cost="1" wallim="1" baseim="0" base2im="4"/>
    <node cost="1" wallim="1" baseim="0" base2im="5"/>
    <node cost="1" wallim="1" baseim="0" base2im="6"/>
    <node cost="1" wallim="2" baseim="0" base2im="7"/>
    <node cost="1" wallim="5" baseim="0" base2im="8"/>
    <node cost="1" wallim="10" baseim="0" base2im="9"/>
    <node cost="1" wallim="17" baseim="0" base2im="8"/>
    <node cost="0" wallim="25" baseim="0" base2im="7"/>
</row>

<row>
    <node cost="0" wallim="25" baseim="0" base2im="0"/>
    <node cost="1" wallim="16" baseim="0" base2im="0"/>
    <node cost="1" wallim="9" baseim="0" base2im="0"/>
    <node cost="1" wallim="4" baseim="0" base2im="0"/>
    <node cost="1" wallim="1" baseim="0" base2im="0"/>
    <node cost="1" wallim="0" baseim="0" base2im="0"/>
    <node cost="1" wallim="0" baseim="0" base2im="0"/>
    <node cost="1" wallim="0" baseim="0" base2im="0"/>
    <node cost="1" wallim="0" baseim="0" base2im="0"/>
    <node cost="1" wallim="0" baseim="0" base2im="0"/>
    <node cost="1" wallim="0" baseim="0" base2im="0"/>
    <node cost="1" wallim="0" baseim="0" base2im="0"/>
    <node cost="1" wallim="0" baseim="0" base2im="0"/>
    <node cost="1" wallim="0" baseim="0" base2im="0"/>
    <node cost="1" wallim="0" baseim="0" base2im="0"/>
    <node cost="1" wallim="0" baseim="0" base2im="0"/>
    <node cost="1" wallim="0" baseim="0" base2im="0"/>
    <node cost="1" wallim="0" baseim="0" base2im="0"/>
    <node cost="1" wallim="0" baseim="0" base2im="0"/>
    <node cost="1" wallim="0" baseim="0" base2im="1"/>
    <node cost="1" wallim="0" baseim="0" base2im="2"/>
    <node cost="1" wallim="0" baseim="0" base2im="3"/>
    <node cost="1" wallim="0" baseim="0" base2im="4"/>
    <node cost="1" wallim="0" baseim="0" base2im="5"/>
    <node cost="1" wallim="0" baseim="0" base2im="6"/>
    <node cost="1" wallim="0" baseim="0" base2im="7"/>
    <node cost="1" wallim="1" baseim="0" base2im="8"/>
    <node cost="1" wallim="4" baseim="0" base2im="9"/>
    <node cost="1" wallim="9" baseim="0" base2im="10"/>
    <node cost="1" wallim="16" baseim="0" base2im="9"/>
    <node cost="0" wallim="25" baseim="0" base2im="8"/>
</row>

<row>
    <node cost="0" wallim="25" baseim="0" base2im="0"/>
    <node cost="1" wallim="16" baseim="0" base2im="0"/>
    <node cost="1" wallim="9" baseim="0" base2im="0"/>
    <node cost="1" wallim="4" baseim="0" base2im="0"/>
    <node cost="1" wallim="1" baseim="0" base2im="0"/>
    <node cost="1" wallim="0" baseim="0" base2im="0"/>
    <node cost="1" wallim="0" baseim="0" base2im="0"/>
    <node cost="1" wallim="0" baseim="0" base2im="0"/>
    <node cost="1" wallim="0" baseim="0" base2im="0"/>
    <node cost="1" wallim="0" baseim="0" base2im="0"/>
    <node cost="1" wallim="0" baseim="0" base2im="0"/>
    <node cost="1" wallim="0" baseim="0" base2im="0"/>
    <node cost="1" wallim="0" baseim="0" base2im="0"/>
    <node cost="1" wallim="0" baseim="0" base2im="0"/>
    <node cost="1" wallim="0" baseim="0" base2im="0"/>
    <node cost="1" wallim="0" baseim="0" base2im="0"/>
    <node cost="1" wallim="0" baseim="0" base2im="0"/>
    <node cost="1" wallim="0" baseim="0" base2im="0"/>
    <node cost="1" wallim="0" baseim="0" base2im="1"/>
    <node cost="1" wallim="0" baseim="0" base2im="2"/>
    <node cost="1" wallim="0" baseim="0" base2im="3"/>
    <node cost="1" wallim="0" baseim="0" base2im="4"/>
    <node cost="1" wallim="0" baseim="0" base2im="5"/>
    <node cost="1" wallim="0" baseim="0" base2im="6"/>
    <node cost="1" wallim="0" baseim="0" base2im="7"/>
    <node cost="1" wallim="0" baseim="0" base2im="8"/>
    <node cost="1" wallim="1" baseim="0" base2im="9"/>
    <node cost="1" wallim="4" baseim="0" base2im="10"/>
    <node cost="1" wallim="9" baseim="0" base2im="11"/>
    <node cost="1" wallim="16" baseim="0" base2im="10"/>
    <node cost="0" wallim="25" baseim="0" base2im="9"/>
</row>

<row>
    <node cost="0" wallim="25" baseim="0" base2im="0"/>
    <node cost="1" wallim="16" baseim="0" base2im="0"/>
    <node cost="1" wallim="9" baseim="0" base2im="0"/>
    <node cost="1" wallim="4" baseim="0" base2im="0"/>
    <node cost="1" wallim="1" baseim="0" base2im="0"/>
    <node cost="1" wallim="0" baseim="0" base2im="0"/>
    <node cost="1" wallim="0" baseim="0" base2im="0"/>
    <node cost="1" wallim="0" baseim="0" base2im="0"/>
    <node cost="1" wallim="0" baseim="0" base2im="0"/>
    <node cost="1" wallim="0" baseim="0" base2im="0"/>
    <node cost="1" wallim="0" baseim="0" base2im="0"/>
    <node cost="1" wallim="0" baseim="0" base2im="0"/>
    <node cost="1" wallim="0" baseim="0" base2im="0"/>
    <node cost="1" wallim="0" baseim="0" base2im="0"/>
    <node cost="1" wallim="0" baseim="0" base2im="0"/>
    <node cost="1" wallim="0" baseim="0" base2im="0"/>
    <node cost="1" wallim="0" baseim="0" base2im="0"/>
    <node cost="1" wallim="0" baseim="0" base2im="1"/>
    <node cost="1" wallim="0" baseim="0" base2im="2"/>
    <node cost="1" wallim="0" baseim="0" base2im="3"/>
    <node cost="1" wallim="0" baseim="0" base2im="4"/>
    <node cost="1" wallim="0" baseim="0" base2im="5"/>
    <node cost="1" wallim="0" baseim="0" base2im="6"/>
    <node cost="1" wallim="0" baseim="0" base2im="7"/>
    <node cost="1" wallim="0" baseim="0" base2im="8"/>
    <node cost="1" wallim="0" baseim="0" base2im="9"/>
    <node cost="1" wallim="1" baseim="0" base2im="10"/>
    <node cost="1" wallim="4" baseim="0" base2im="11"/>
    <node cost="1" wallim="9" baseim="0" base2im="12"/>
    <node cost="1" wallim="16" baseim="0" base2im="11"/>
    <node cost="0" wallim="25" baseim="0" base2im="10"/>
</row>

<row>
    <node cost="0" wallim="25" baseim="0" base2im="0"/>
    <node cost="1" wallim="17" baseim="0" base2im="0"/>
    <node cost="1" wallim="10" baseim="0" base2im="0"/>
    <node cost="1" wallim="5" baseim="0" base2im="0"/>
    <node cost="1" wallim="2" baseim="0" base2im="0"/>
    <node cost="1" wallim="1" baseim="0" base2im="0"/>
    <node cost="1" wallim="1" baseim="0" base2im="0"/>
    <node cost="1" wallim="1" baseim="0" base2im="0"/>
    <node cost="1" wallim="1" baseim="0" base2im="0"/>
    <node cost="1" wallim="1" baseim="0" base2im="0"/>
    <node cost="1" wallim="1" baseim="0" base2im="0"/>
    <node cost="1" wallim="1" baseim="0" base2im="0"/>
    <node cost="1" wallim="1" baseim="0" base2im="0"/>
    <node cost="1" wallim="1" baseim="0" base2im="0"/>
    <node cost="1" wallim="1" baseim="0" base2im="0"/>
    <node cost="1" wallim="1" baseim="0" base2im="0"/>
    <node cost="1" wallim="1" baseim="0" base2im="1"/>
    <node cost="1" wallim="1" baseim="0" base2im="2"/>
    <node cost="1" wallim="1" baseim="0" base2im="3"/>
    <node cost="1" wallim="1" baseim="0" base2im="4"/>
    <node cost="1" wallim="1" baseim="0" base2im="5"/>
    <node cost="1" wallim="1" baseim="0" base2im="6"/>
    <node cost="1" wallim="1" baseim="0" base2im="7"/>
    <node cost="1" wallim="1" baseim="0" base2im="8"/>
    <node cost="1" wallim="1" baseim="0" base2im="9"/>
    <node cost="1" wallim="1" baseim="0" base2im="10"/>
    <node cost="1" wallim="2" baseim="0" base2im="11"/>
    <node cost="1" wallim="5" baseim="0" base2im="12"/>
    <node cost="1" wallim="10" baseim="0" base2im="13"/>
    <node cost="1" wallim="17" baseim="0" base2im="12"/>
    <node cost="0" wallim="25" baseim="0" base2im="11"/>
</row>

<row>
    <node cost="0" wallim="25" baseim="0" base2im="0"/>
    <node cost="1" wallim="19" baseim="0" base2im="0"/>
    <node cost="1" wallim="13" baseim="0" base2im="0"/>
    <node cost="1" wallim="8" baseim="0" base2im="0"/>
    <node cost="1" wallim="5" baseim="0" base2im="0"/>
    <node cost="1" wallim="4" baseim="0" base2im="0"/>
    <node cost="1" wallim="4" baseim="0" base2im="0"/>
    <node cost="1" wallim="4" baseim="0" base2im="0"/>
    <node cost="1" wallim="4" baseim="0" base2im="0"/>
    <node cost="1" wallim="4" baseim="0" base2im="0"/>
    <node cost="1" wallim="4" baseim="0" base2im="0"/>
    <node cost="1" wallim="4" baseim="0" base2im="0"/>
    <node cost="1" wallim="4" baseim="0" base2im="0"/>
    <node cost="1" wallim="4" baseim="0" base2im="0"/>
    <node cost="1" wallim="4" baseim="0" base2im="0"/>
    <node cost="1" wallim="4" baseim="0" base2im="1"/>
    <node cost="1" wallim="4" baseim="0" base2im="2"/>
    <node cost="1" wallim="4" baseim="0" base2im="3"/>
    <node cost="1" wallim="4" baseim="0" base2im="4"/>
    <node cost="1" wallim="4" baseim="0" base2im="5"/>
    <node cost="1" wallim="4" baseim="0" base2im="6"/>
    <node cost="1" wallim="4" baseim="0" base2im="7"/>
    <node cost="1" wallim="4" baseim="0" base2im="8"/>
    <node cost="1" wallim="4" baseim="0" base2im="9"/>
    <node cost="1" wallim="4" baseim="0" base2im="10"/>
    <node cost="1" wallim="4" baseim="0" base2im="11"/>
    <node cost="1" wallim="5" baseim="0" base2im="12"/>
    <node cost="1" wallim="8" baseim="0" base2im="13"/>
    <node cost="1" wallim="13" baseim="0" base2im="14"/>
    <node cost="1" wallim="19" baseim="0" base2im="13"/>
    <node cost="0" wallim="25" baseim="0" base2im="12"/>
</row>

<row>
    <node cost="0" wallim="25" baseim="0" base2im="0"/>
    <node cost="1" wallim="21" baseim="0" base2im="0"/>
    <node cost="1" wallim="17" baseim="0" base2im="0"/>
    <node cost="1" wallim="13" baseim="0" base2im="0"/>
    <node cost="1" wallim="10" baseim="0" base2im="0"/>
    <node cost="1" wallim="9" baseim="0" base2im="0"/>
    <node cost="1" wallim="9" baseim="0" base2im="0"/>
    <node cost="1" wallim="9" baseim="0" base2im="0"/>
    <node cost="1" wallim="9" baseim="0" base2im="0"/>
    <node cost="1" wallim="9" baseim="0" base2im="0"/>
    <node cost="1" wallim="9" baseim="0" base2im="0"/>
    <node cost="1" wallim="9" baseim="0" base2im="0"/>
    <node cost="1" wallim="9" baseim="0" base2im="0"/>
    <node cost="1" wallim="9" baseim="0" base2im="0"/>
    <node cost="1" wallim="9" baseim="0" base2im="1"/>
    <node cost="1" wallim="9" baseim="0" base2im="2"/>
    <node cost="1" wallim="9" baseim="0" base2im="3"/>
    <node cost="1" wallim="9" baseim="0" base2im="4"/>
    <node cost="1" wallim="9" baseim="0" base2im="5"/>
    <node cost="1" wallim="9" baseim="0" base2im="6"/>
    <node cost="1" wallim="9" baseim="0" base2im="7"/>
    <node cost="1" wallim="9" baseim="0" base2im="8"/>
    <node cost="1" wallim="9" baseim="0" base2im="9"/>
    <node cost="1" wallim="9" baseim="0" base2im="10"/>
    <node cost="1" wallim="9" baseim="0" base2im="11"/>
    <node cost="1" wallim="9" baseim="0" base2im="12"/>
    <node cost="1" wallim="10" baseim="0" base2im="13"/>
    <node cost="1" wallim="13" baseim="0" base2im="14"/>
    <node cost="3" wallim="17" baseim="0" base2im="15"/>
    <node cost="1" wallim="21" baseim="0" base2im="14"/>
    <node cost="0" wallim="25" baseim="0" base2im="13"/>
</row>

<row>
    <node cost="0" wallim="25" baseim="0" base2im="0"/>
    <node cost="1" wallim="23" baseim="0" base2im="0"/>
    <node cost="1" wallim="21" baseim="0" base2im="0"/>
    <node cost="1" wallim="19" baseim="0" base2im="0"/>
    <node cost="1" wallim="17" baseim="0" base2im="0"/>
    <node cost="1" wallim="16" baseim="0" base2im="0"/>
    <node cost="1" wallim="16" baseim="0" base2im="0"/>
    <node cost="1" wallim="16" baseim="0" base2im="0"/>
    <node cost="1" wallim="16" baseim="0" base2im="0"/>
    <node cost="1" wallim="16" baseim="0" base2im="0"/>
    <node cost="1" wallim="16" baseim="0" base2im="0"/>
    <node cost="1" wallim="16" baseim="0" base2im="0"/>
    <node cost="1" wallim="16" baseim="0" base2im="0"/>
    <node cost="1" wallim="16" baseim="0" base2im="0"/>
    <node cost="1" wallim="16" baseim="0" base2im="0"/>
    <node cost="1" wallim="16" baseim="0" base2im="1"/>
    <node cost="1" wallim="16" baseim="0" base2im="2"/>
    <node cost="1" wallim="16" baseim="0" base2im="3"/>
    <node cost="1" wallim="16" baseim="0" base2im="4"/>
    <node cost="1" wallim="16" baseim="0" base2im="5"/>
    <node cost="1" wallim="16" baseim="0" base2im="6"/>
    <node cost="1" wallim="16" baseim="0" base2im="7"/>
    <node cost="1" wallim="16" baseim="0" base2im="8"/>
    <node cost="1" wallim="16" baseim="0" base2im="9"/>
    <node cost="1" wallim="16" baseim="0" base2im="10"/>
    <node cost="1" wallim="16" baseim="0" base2im="11"/>
    <node cost="1" wallim="17" baseim="0" base2im="12"/>
    <node cost="1" wallim="19" baseim="0" base2im="13"/>
    <node cost="1" wallim="21" baseim="0" base2im="14"/>
    <node cost="1" wallim="23" baseim="0" base2im="13"/>
    <node cost="0" wallim="25" baseim="0" base2im="12"/>
</row>

<row>
    <node cost="0" wallim="25" baseim="0" base2im="0"/>
    <node cost="0" wallim="25" baseim="0" base2im="0"/>
    <node cost="0" wallim="25" baseim="0" base2im="0"/>
    <node cost="0" wallim="25" baseim="0" base2im="0"/>
    <node cost="0" wallim="25" baseim="0" base2im="0"/>
    <node cost="0" wallim="25" baseim="0" base2im="0"/>
    <node cost="0" wallim="25" baseim="0" base2im="0"/>
    <node cost="0" wallim="25" baseim="0" base2im="0"/>
    <node cost="0" wallim="25" baseim="0" base2im="0"/>
    <node cost="0" wallim="25" baseim="0" base2im="0"/>
    <node cost="0" wallim="25" baseim="0" base2im="0"/>
    <node cost="0" wallim="25" baseim="0" base2im="0"/>
    <node cost="0" wallim="25" baseim="0" base2im="0"/>
    <node cost="0" wallim="25" baseim="0" base2im="0"/>
    <node cost="0" wallim="25" baseim="0" base2im="0"/>
    <node cost="0" wallim="25" baseim="0" base2im="0"/>
    <node cost="0" wallim="25" baseim="0" base2im="1"/>
    <node cost="0" wallim="25" baseim="0" base2im="2"/>
    <node cost="0" wallim="25" baseim="0" base2im="3"/>
    <node cost="0" wallim="25" baseim="0" base2im="4"/>
    <node cost="0" wallim="25" baseim="0" base2im="5"/>
    <node cost="0" wallim="25" baseim="0" base2im="6"/>
    <node cost="0" wallim="25" baseim="0" base2im="7"/>
    <node cost="0" wallim="25" baseim="0" base2im="8"/>
    <node cost="0" wallim="25" baseim="0" base2im="9"/>
    <node cost="0" wallim="25" baseim="0" base2im="10"/>
    <node cost="0" wallim="25" baseim="0" base2im="11"/>
    <node cost="0" wallim="25" baseim="0" base2im="12"/>
    <node cost="0" wallim="25" baseim="0" base2im="13"/>
    <node cost="0" wallim="25" baseim="0" base2im="12"/>
    <node cost="0" wallim="25" baseim="0" base2im="11"/>
</row>
