<?xml version="1.0" encoding="UTF-8"?>
<path>
    <node X="28" Y="29"/>
    <node X="28" Y="28"/>
    <node X="27" Y="28"/>
    <node X="27" Y="27"/>
    <node X="26" Y="27"/>
    <node X="26" Y="26"/>
    <node X="25" Y="26"/>
    <node X="25" Y="25"/>
    <node X="25" Y="24"/>
    <node X="24" Y="24"/>
    <node X="23" Y="24"/>
    <node X="22" Y="24"/>
    <node X="21" Y="24"/>
    <node X="20" Y="24"/>
    <node X="19" Y="24"/>
    <node X="18" Y="24"/>
    <node X="17" Y="24"/>
    <node X="16" Y="24"/>
    <node X="15" Y="24"/>
    <node X="15" Y="23"/>
    <node X="14" Y="23"/>
    <node X="14" Y="22"/>
    <node X="14" Y="21"/>
    <node X="14" Y="20"/>
    <node X="14" Y="19"/>
    <node X="14" Y="18"/>
    <node X="14" Y="17"/>
    <node X="14" Y="16"/>
    <node X="14" Y="15"/>
    <node X="14" Y="14"/>
    <node X="14" Y="13"/>
    <node X="14" Y="12"/>
    <node X="14" Y="11"/>
    <node X="14" Y="10"/>
    <node X="14" Y="9"/>
    <node X="14" Y="8"/>
    <node X="14" Y="7"/>
    <node X="14" Y="6"/>
    <node X="14" Y="5"/>
    <node X="14" Y="4"/>
    <node X="13" Y="4"/>
    <node X="12" Y="4"/>
    <node X="11" Y="4"/>
    <node X="10" Y="4"/>
    <node X="9" Y="4"/>
    <node X="8" Y="4"/>
    <node X="7" Y="4"/>
    <node X="6" Y="4"/>
    <node X="5" Y="4"/>
    <node X="4" Y="4"/>
    <node X="4" Y="3"/>
    <node X="3" Y="3"/>
    <node X="3" Y="2"/>
</path>
